<?xml version="1.0" encoding="UTF-8"?>
<GenRun Id="synth_1" LaunchPart="xc7a15tcpg236-1" LaunchTime="1638352083">
  <File Type="PA-TCL" Name="full_adder1.tcl"/>
  <File Type="REPORTS-TCL" Name="full_adder1_reports.tcl"/>
  <File Type="RDS-RDS" Name="full_adder1.vds"/>
  <File Type="RDS-UTIL" Name="full_adder1_utilization_synth.rpt"/>
  <File Type="RDS-UTIL-PB" Name="full_adder1_utilization_synth.pb"/>
  <File Type="RDS-DCP" Name="full_adder1.dcp"/>
  <FileSet Name="sources" Type="DesignSrcs" RelSrcDir="$PSRCDIR/sources_1">
    <Filter Type="Srcs"/>
    <File Path="$PSRCDIR/sources_1/new/half_adder1.v">
      <FileInfo>
        <Attr Name="ImportPath" Val="C:/Users/futur/Desktop/full_adder/full_adder.srcs/sources_1/new/half_adder1.v"/>
        <Attr Name="ImportTime" Val="1637745979"/>
        <Attr Name="UsedIn" Val="synthesis"/>
        <Attr Name="UsedIn" Val="implementation"/>
        <Attr Name="UsedIn" Val="simulation"/>
      </FileInfo>
    </File>
    <File Path="$PSRCDIR/sources_1/new/fulladder.v">
      <FileInfo>
        <Attr Name="ImportPath" Val="C:/Users/futur/Desktop/full_adder/full_adder.srcs/sources_1/new/fulladder.v"/>
        <Attr Name="ImportTime" Val="1638351828"/>
        <Attr Name="UsedIn" Val="synthesis"/>
        <Attr Name="UsedIn" Val="implementation"/>
        <Attr Name="UsedIn" Val="simulation"/>
      </FileInfo>
    </File>
    <Config>
      <Option Name="DesignMode" Val="RTL"/>
      <Option Name="TopModule" Val="full_adder1"/>
      <Option Name="TopAutoSet" Val="TRUE"/>
    </Config>
  </FileSet>
  <FileSet Name="constrs_in" Type="Constrs" RelSrcDir="$PSRCDIR/constrs_1">
    <Filter Type="Constrs"/>
    <File Path="$PSRCDIR/constrs_1/new/FA.xdc">
      <FileInfo>
        <Attr Name="ImportPath" Val="C:/Users/futur/Desktop/full_adder/full_adder.srcs/constrs_1/new/FA.xdc"/>
        <Attr Name="ImportTime" Val="1637749217"/>
        <Attr Name="UsedIn" Val="synthesis"/>
        <Attr Name="UsedIn" Val="implementation"/>
      </FileInfo>
    </File>
    <Config>
      <Option Name="ConstrsType" Val="XDC"/>
    </Config>
  </FileSet>
  <Strategy Version="1" Minor="2">
    <StratHandle Name="Vivado Synthesis Defaults" Flow="Vivado Synthesis 2018"/>
    <Step Id="synth_design"/>
  </Strategy>
</GenRun>
