<?xml version="1.0" encoding="UTF-8"?>
<GenRun Id="impl_1" LaunchPart="xc7a15tcpg236-1" LaunchTime="1638352083">
  <File Type="ROUTE-PWR" Name="full_adder1_power_routed.rpt"/>
  <File Type="PA-TCL" Name="full_adder1.tcl"/>
  <File Type="BITSTR-BMM" Name="full_adder1_bd.bmm"/>
  <File Type="ROUTE-PWR-SUM" Name="full_adder1_power_summary_routed.pb"/>
  <File Type="REPORTS-TCL" Name="full_adder1_reports.tcl"/>
  <File Type="OPT-DCP" Name="full_adder1_opt.dcp"/>
  <File Type="OPT-DRC" Name="full_adder1_drc_opted.rpt"/>
  <File Type="OPT-HWDEF" Name="full_adder1.hwdef"/>
  <File Type="PWROPT-DCP" Name="full_adder1_pwropt.dcp"/>
  <File Type="PLACE-DCP" Name="full_adder1_placed.dcp"/>
  <File Type="PLACE-IO" Name="full_adder1_io_placed.rpt"/>
  <File Type="PLACE-UTIL" Name="full_adder1_utilization_placed.rpt"/>
  <File Type="PLACE-UTIL-PB" Name="full_adder1_utilization_placed.pb"/>
  <File Type="PLACE-CTRL" Name="full_adder1_control_sets_placed.rpt"/>
  <File Type="PLACE-PRE-SIMILARITY" Name="full_adder1_incremental_reuse_pre_placed.rpt"/>
  <File Type="BG-BGN" Name="full_adder1.bgn"/>
  <File Type="POSTPLACE-PWROPT-DCP" Name="full_adder1_postplace_pwropt.dcp"/>
  <File Type="BG-BIN" Name="full_adder1.bin"/>
  <File Type="PHYSOPT-DCP" Name="full_adder1_physopt.dcp"/>
  <File Type="BITSTR-MSK" Name="full_adder1.msk"/>
  <File Type="ROUTE-ERROR-DCP" Name="full_adder1_routed_error.dcp"/>
  <File Type="ROUTE-DCP" Name="full_adder1_routed.dcp"/>
  <File Type="ROUTE-BLACKBOX-DCP" Name="full_adder1_routed_bb.dcp"/>
  <File Type="ROUTE-DRC" Name="full_adder1_drc_routed.rpt"/>
  <File Type="ROUTE-DRC-PB" Name="full_adder1_drc_routed.pb"/>
  <File Type="ROUTE-DRC-RPX" Name="full_adder1_drc_routed.rpx"/>
  <File Type="BITSTR-LTX" Name="full_adder1.ltx"/>
  <File Type="ROUTE-METHODOLOGY-DRC" Name="full_adder1_methodology_drc_routed.rpt"/>
  <File Type="BITSTR-MMI" Name="full_adder1.mmi"/>
  <File Type="ROUTE-METHODOLOGY-DRC-RPX" Name="full_adder1_methodology_drc_routed.rpx"/>
  <File Type="ROUTE-METHODOLOGY-DRC-PB" Name="full_adder1_methodology_drc_routed.pb"/>
  <File Type="BITSTR-SYSDEF" Name="full_adder1.sysdef"/>
  <File Type="ROUTE-PWR-RPX" Name="full_adder1_power_routed.rpx"/>
  <File Type="ROUTE-STATUS" Name="full_adder1_route_status.rpt"/>
  <File Type="ROUTE-STATUS-PB" Name="full_adder1_route_status.pb"/>
  <File Type="ROUTE-TIMINGSUMMARY" Name="full_adder1_timing_summary_routed.rpt"/>
  <File Type="ROUTE-TIMING-PB" Name="full_adder1_timing_summary_routed.pb"/>
  <File Type="ROUTE-TIMING-RPX" Name="full_adder1_timing_summary_routed.rpx"/>
  <File Type="ROUTE-CLK" Name="full_adder1_clock_utilization_routed.rpt"/>
  <File Type="ROUTE-BUS-SKEW" Name="full_adder1_bus_skew_routed.rpt"/>
  <File Type="ROUTE-BUS-SKEW-PB" Name="full_adder1_bus_skew_routed.pb"/>
  <File Type="ROUTE-BUS-SKEW-RPX" Name="full_adder1_bus_skew_routed.rpx"/>
  <File Type="POSTROUTE-PHYSOPT-DCP" Name="full_adder1_postroute_physopt.dcp"/>
  <File Type="POSTROUTE-PHYSOPT-BLACKBOX-DCP" Name="full_adder1_postroute_physopt_bb.dcp"/>
  <File Type="BG-BIT" Name="full_adder1.bit"/>
  <File Type="BITSTR-RBT" Name="full_adder1.rbt"/>
  <File Type="BITSTR-NKY" Name="full_adder1.nky"/>
  <File Type="BG-DRC" Name="full_adder1.drc"/>
  <File Type="RDI-RDI" Name="full_adder1.vdi"/>
  <File Type="WBT-USG" Name="usage_statistics_webtalk.html"/>
  <FileSet Name="sources" Type="DesignSrcs" RelSrcDir="$PSRCDIR/sources_1">
    <Filter Type="Srcs"/>
    <File Path="$PSRCDIR/sources_1/new/half_adder1.v">
      <FileInfo>
        <Attr Name="ImportPath" Val="C:/Users/futur/Desktop/full_adder/full_adder.srcs/sources_1/new/half_adder1.v"/>
        <Attr Name="ImportTime" Val="1637745979"/>
        <Attr Name="UsedIn" Val="synthesis"/>
        <Attr Name="UsedIn" Val="implementation"/>
        <Attr Name="UsedIn" Val="simulation"/>
      </FileInfo>
    </File>
    <File Path="$PSRCDIR/sources_1/new/fulladder.v">
      <FileInfo>
        <Attr Name="ImportPath" Val="C:/Users/futur/Desktop/full_adder/full_adder.srcs/sources_1/new/fulladder.v"/>
        <Attr Name="ImportTime" Val="1638351828"/>
        <Attr Name="UsedIn" Val="synthesis"/>
        <Attr Name="UsedIn" Val="implementation"/>
        <Attr Name="UsedIn" Val="simulation"/>
      </FileInfo>
    </File>
    <Config>
      <Option Name="DesignMode" Val="RTL"/>
      <Option Name="TopModule" Val="full_adder1"/>
      <Option Name="TopAutoSet" Val="TRUE"/>
    </Config>
  </FileSet>
  <FileSet Name="constrs_in" Type="Constrs" RelSrcDir="$PSRCDIR/constrs_1">
    <Filter Type="Constrs"/>
    <File Path="$PSRCDIR/constrs_1/new/FA.xdc">
      <FileInfo>
        <Attr Name="ImportPath" Val="C:/Users/futur/Desktop/full_adder/full_adder.srcs/constrs_1/new/FA.xdc"/>
        <Attr Name="ImportTime" Val="1637749217"/>
        <Attr Name="UsedIn" Val="synthesis"/>
        <Attr Name="UsedIn" Val="implementation"/>
      </FileInfo>
    </File>
    <Config>
      <Option Name="ConstrsType" Val="XDC"/>
    </Config>
  </FileSet>
  <Strategy Version="1" Minor="2">
    <StratHandle Name="Vivado Implementation Defaults" Flow="Vivado Implementation 2018"/>
    <Step Id="init_design"/>
    <Step Id="opt_design"/>
    <Step Id="power_opt_design"/>
    <Step Id="place_design"/>
    <Step Id="post_place_power_opt_design"/>
    <Step Id="phys_opt_design"/>
    <Step Id="route_design"/>
    <Step Id="post_route_phys_opt_design"/>
    <Step Id="write_bitstream"/>
  </Strategy>
</GenRun>
